name,urls
httpswww.samitivejhospitals.comprogramdetailbasic-for-male-female-svh,https://www.samitivejhospitals.com/program/detail/basic-for-male-female-svh
httpswww.samitivejhospitals.comprogramdetailbasic-for-female-plus-TP-svh,https://www.samitivejhospitals.com/program/detail/basic-for-female-plus-TP-svh
httpssamitivejhospitals.compackagedetailget-summer-get-fit-verity-snh,https://samitivejhospitals.com/package/detail/get-summer-get-fit-verity-snh
httpssamitivejhospitals.compackagedetailget-summer-get-fit-verity-snh(2),https://samitivejhospitals.com/package/detail/get-summer-get-fit-verity-snh
httpssamitivejhospitals.compackagedetailget-summer-get-fit-verity-snh(3),https://samitivejhospitals.com/package/detail/get-summer-get-fit-verity-snh
httpssamitivejhospitals.compackagedetailget-summer-get-fit-verity-snh (4),https://samitivejhospitals.com/package/detail/get-summer-get-fit-verity-snh
httpssamitivejhospitals.compackagedetailget-summer-get-fit-verity-snh (5),https://samitivejhospitals.com/package/detail/get-summer-get-fit-verity-snh
httpssamitivejhospitals.compackagedetailget-summer-get-fit-verity-snh (6),https://samitivejhospitals.com/package/detail/get-summer-get-fit-verity-snh
httpssamitivejhospitals.compackagedetailget-summer-get-fit-verity-snh (7),https://samitivejhospitals.com/package/detail/get-summer-get-fit-verity-snh
httpssamitivejhospitals.compackagedetailget-summer-get-fit-verity-snh (8),https://samitivejhospitals.com/package/detail/get-summer-get-fit-verity-snh
httpssamitivejhospitals.compackagedetailget-summer-get-fit-verity-snh (9),https://samitivejhospitals.com/package/detail/get-summer-get-fit-verity-snh
httpssamitivejhospitals.compackagedetailget-summer-get-fit-verity-snh(10),https://samitivejhospitals.com/package/detail/get-summer-get-fit-verity-snh
httpssamitivejhospitals.compackagedetailget-summer-get-fit-verity-snh(11),https://samitivejhospitals.com/package/detail/get-summer-get-fit-verity-snh
httpssamitivejhospitals.compackagedetailget-summer-get-fit-verity-snh(12),https://samitivejhospitals.com/package/detail/get-summer-get-fit-verity-snh
httpssamitivejhospitals.compackagedetailget-summer-get-fit-verity-snh(13),https://samitivejhospitals.com/package/detail/get-summer-get-fit-verity-snh
httpssamitivejhospitals.compackagedetailget-summer-get-fit-verity-snh(14),https://samitivejhospitals.com/package/detail/get-summer-get-fit-verity-snh
httpssamitivejhospitals.compackagedetailget-summer-get-fit-verity-snh(15),https://samitivejhospitals.com/package/detail/get-summer-get-fit-verity-snh
httpssamitivejhospitals.compackagedetailget-summer-get-fit-verity-snh](16),https://samitivejhospitals.com/package/detail/get-summer-get-fit-verity-snh
httpssamitivejhospitals.compackagedetailget-summer-get-fit-verity-snh(17),https://samitivejhospitals.com/package/detail/get-summer-get-fit-verity-snh
httpssamitivejhospitals.compackagedetailget-summer-get-fit-verity-snh(18),https://samitivejhospitals.com/package/detail/get-summer-get-fit-verity-snh
httpssamitivejhospitals.compackagedetailget-summer-get-fit-verity-snh(19),https://samitivejhospitals.com/package/detail/get-summer-get-fit-verity-snh
httpssamitivejhospitals.compackagedetailget-summer-get-fit-verity-snh(20),https://samitivejhospitals.com/package/detail/get-summer-get-fit-verity-snh
httpssamitivejhospitals.compackagedetailget-summer-get-fit-verity-snh(21),https://samitivejhospitals.com/package/detail/get-summer-get-fit-verity-snh
httpssamitivejhospitals.compackagedetailget-summer-get-fit-verity-snh(22),https://samitivejhospitals.com/package/detail/get-summer-get-fit-verity-snh
httpssamitivejhospitals.compackagedetailget-summer-get-fit-verity-snh(23),https://samitivejhospitals.com/package/detail/get-summer-get-fit-verity-snh
httpssamitivejhospitals.compackagedetailhealth-check-up-ready-to-travel,https://samitivejhospitals.com/package/detail/health-check-up-ready-to-travel
